F3_WI_EF592547,-,-,-,-,-,-,-,-,-,-,-,-,-,-,-,-,-,-,-,-,-,-,-,-,-,-,-,-,-,-,N,S,A,D,E,S,V,K,G,P,N,L,T,E,I,S,K,K,I,T,D,S,N,A,V,V,L,A,V,K,E,V,E,T,L,L,A,S,I,D,E,I,A,A,K,A,I,G,K,K,I,D,Q,N,N,A,L,G,T,L,D,N,H,N,G,S,L,L,A,G,A,Y,A,I,S,A,L,I,T,K,K,-,-,-,L,S,S,I,K,D,S,G,E,L,K,A,E,I,E,K,A,K,K,C,S,E,A,F,T,A,K,L,K,G,E,H,T,D,L,G,K,E,D,-,-,V,T,N,A,H,A,Q,E,A,I,L,K,T,N,G,A,-,N,D,K,G,A,K,E,L,K,D,L,S,D,S,V,E,S,L,V,K,A,A,K,E,M,L,T,N,S,V,K,E,L,T,S,P,V,V,A,E,S,-,-,-,-
C_MD_DQ437462,M,K,K,N,T,L,S,A,I,L,M,T,L,F,L,F,I,S,C,N,N,S,G,K,D,G,N,A,S,A,N,S,A,D,E,S,V,K,G,P,N,L,T,E,I,S,K,K,I,T,E,S,N,A,V,V,L,A,V,K,E,V,E,T,L,L,A,S,I,D,E,L,-,A,K,A,I,G,K,K,I,K,N,D,V,S,L,D,N,E,A,D,N,N,G,S,L,I,A,G,A,Y,T,I,S,T,L,I,T,Q,K,-,-,-,L,S,K,L,N,G,S,E,G,L,K,E,K,I,A,E,A,K,K,C,S,E,E,F,T,K,K,L,K,E,K,H,T,D,L,G,K,K,D,-,-,A,T,D,V,H,A,K,E,A,I,L,K,T,N,G,T,-,K,D,K,G,A,A,E,L,E,K,L,F,E,S,V,E,N,L,A,K,A,A,K,E,M,L,S,N,S,V,K,E,L,T,S,P,V,V,A,E,S,P,K,N,P
I_CT_AY275219,-,-,-,-,-,-,-,-,-,-,-,-,-,-,-,-,-,-,C,N,N,S,G,K,D,G,N,T,S,A,N,S,A,D,E,S,V,K,G,P,N,L,T,E,I,S,K,K,I,T,E,S,N,A,V,V,L,A,V,K,E,V,E,T,L,L,T,S,I,D,E,L,-,A,K,A,I,G,K,K,I,K,N,D,V,S,L,D,N,E,A,D,H,N,G,S,L,I,S,G,A,Y,L,I,S,T,L,I,T,K,K,-,-,-,I,S,A,I,K,D,S,G,E,L,K,A,E,I,E,K,A,K,K,C,S,E,E,F,T,A,K,L,K,G,E,H,T,D,L,G,K,E,G,-,-,V,T,D,D,N,A,K,K,A,I,L,K,T,N,N,D,-,K,T,K,G,A,D,E,L,E,K,L,F,E,S,V,K,N,L,S,K,A,A,K,E,M,L,T,N,S,V,K,E,L,T,S,P,V,V,A,E,S,-,-,-,-
M_MI_CP001550,M,K,K,N,T,L,S,A,I,L,M,T,L,F,L,F,I,S,C,N,N,S,G,K,D,G,N,T,S,A,N,S,A,D,E,S,V,K,G,P,N,L,T,E,I,S,K,K,I,T,E,S,N,A,V,V,L,A,V,K,E,V,E,T,L,L,A,S,I,D,E,V,A,K,K,A,I,G,N,L,I,A,Q,N,-,G,L,N,A,G,A,N,Q,N,G,S,L,L,A,G,A,Y,V,I,S,T,L,I,A,E,K,-,-,-,L,D,G,L,K,N,S,E,E,L,K,E,K,I,E,D,A,K,K,C,N,K,A,F,T,D,K,L,K,S,S,H,A,E,L,G,I,A,N,G,A,A,T,D,A,N,A,K,A,A,I,L,K,T,N,G,T,-,K,D,K,G,A,Q,E,L,E,K,L,F,E,S,V,K,N,L,S,K,A,A,Q,E,T,L,N,N,S,V,K,E,L,T,S,P,V,V,A,E,N,P,K,K,P
T_RI_AY275222,-,-,-,-,-,-,-,-,-,-,-,-,-,-,-,-,-,-,C,N,N,S,G,K,D,G,N,A,S,V,N,S,A,D,E,S,V,K,G,P,N,L,T,E,I,S,K,K,I,T,E,S,N,A,V,V,L,A,V,K,E,V,E,T,L,L,A,S,I,D,E,L,A,N,K,A,I,G,Q,K,I,D,Q,N,N,G,L,S,V,D,A,G,H,N,G,P,L,L,A,G,A,Y,A,I,S,A,L,I,T,E,K,-,-,-,L,N,G,L,T,I,S,E,E,L,K,E,K,I,E,K,A,K,K,C,S,T,G,F,T,N,K,L,K,S,G,H,A,E,L,G,P,V,G,G,N,A,T,D,E,N,A,K,Q,A,I,L,K,T,H,G,N,-,V,T,K,G,A,K,E,L,K,D,L,S,E,S,V,E,A,L,A,K,A,A,Q,A,M,L,T,N,S,V,K,E,L,T,S,P,V,V,A,E,T,-,-,-,-
D_RI_CP001484,M,K,K,N,T,L,S,A,I,L,M,T,L,F,L,F,I,S,C,N,N,S,G,K,D,G,N,T,S,A,N,S,A,D,E,S,V,K,G,P,N,L,T,E,I,S,K,K,I,T,D,S,N,A,V,L,L,A,V,K,E,V,E,V,L,L,S,S,I,D,E,L,A,K,K,A,I,G,K,K,I,D,Q,N,N,A,L,G,T,L,D,N,H,N,G,S,L,L,A,G,A,Y,A,I,S,A,L,I,T,E,K,-,-,-,L,S,S,I,K,D,S,G,E,L,K,A,E,I,E,K,A,K,K,C,S,E,S,F,T,K,K,L,S,D,N,Q,A,E,L,G,I,E,N,-,-,A,T,D,D,N,A,K,K,A,I,L,K,T,H,N,A,-,K,D,K,G,A,E,E,L,V,K,L,S,E,S,V,A,G,L,L,K,A,A,Q,A,I,L,A,N,S,V,K,E,L,T,S,P,V,V,A,E,S,P,K,K,P
I3_CA_FJ932734,-,-,-,-,-,-,-,-,-,-,-,-,-,-,-,-,-,-,-,-,-,-,-,-,-,-,-,-,-,-,N,S,A,D,E,S,V,K,G,P,N,L,T,E,I,S,K,K,I,T,E,S,N,A,V,V,L,A,V,K,E,I,E,T,L,L,S,S,I,D,E,L,A,T,K,A,I,G,Q,K,I,D,A,N,-,G,L,G,V,Q,A,D,Q,N,G,S,L,L,A,G,A,Y,A,I,S,T,L,I,T,Q,K,-,-,-,L,S,A,L,-,N,S,E,N,L,K,E,K,V,A,K,V,K,K,C,S,E,D,F,T,N,K,L,K,N,G,N,A,Q,L,G,L,A,A,-,-,A,T,D,A,D,A,K,E,A,I,L,K,T,N,G,T,-,K,T,K,G,A,E,E,L,G,K,L,F,E,S,V,E,V,L,S,K,A,A,K,E,M,L,A,N,S,V,K,E,L,T,S,P,V,V,A,E,S,-,-,-,-
U_RI_CP001493,M,K,K,N,T,L,S,A,I,L,M,T,L,F,L,F,I,S,C,N,N,S,G,K,D,G,N,A,S,A,N,S,A,D,E,S,V,K,G,P,N,L,A,E,I,S,K,K,I,T,E,S,N,A,V,V,L,A,V,K,E,V,E,A,L,L,A,S,I,D,E,I,G,S,K,A,I,G,K,R,I,Q,A,N,-,G,L,Q,D,L,Q,G,Q,N,G,S,L,L,A,G,A,Y,A,I,S,N,L,I,T,Q,K,I,N,V,L,N,G,L,K,N,S,E,E,L,K,E,K,I,N,E,A,K,G,C,S,E,K,F,T,K,K,L,S,E,S,H,A,D,I,G,I,Q,A,-,-,A,T,D,A,N,A,K,D,A,I,L,K,T,N,P,T,-,K,T,K,G,A,E,E,L,D,K,L,F,K,A,V,E,N,L,S,K,A,A,K,E,M,L,A,N,S,V,K,E,L,T,S,P,V,V,A,E,S,P,K,K,P
H_MN_CP001271,M,K,K,N,T,L,S,A,I,L,M,T,L,F,L,F,I,S,C,N,N,S,G,K,D,G,N,A,S,A,N,S,A,D,E,S,V,K,G,P,N,L,T,E,I,S,K,K,I,T,E,S,N,A,V,V,L,A,V,K,E,V,E,T,L,L,A,S,I,N,Q,L,-,A,K,A,I,G,K,K,I,D,Q,N,G,T,L,G,D,D,G,G,Q,N,G,S,L,L,A,G,A,Y,A,I,S,T,V,I,I,E,K,-,-,-,L,S,T,L,K,N,V,E,E,L,K,E,K,I,T,K,A,K,D,C,S,E,K,F,A,G,K,L,K,N,E,H,A,S,L,G,K,K,D,-,-,A,T,D,D,D,A,K,K,A,I,L,K,T,H,G,N,-,T,D,K,G,A,K,E,L,K,D,L,S,D,S,V,E,S,L,V,K,A,A,K,E,M,L,T,N,S,V,K,E,L,T,S,P,V,V,A,E,S,P,K,K,P
D3_WI_EF592544,-,-,-,-,-,-,-,-,-,-,-,-,-,-,-,-,-,-,-,-,-,-,-,-,-,-,-,-,-,-,N,P,A,D,E,S,V,K,G,P,N,L,T,E,I,S,K,K,I,T,D,S,N,A,I,V,M,A,V,K,E,V,E,T,L,L,T,S,I,D,E,L,-,A,K,A,I,G,K,K,I,N,N,N,-,G,L,D,A,L,Q,N,F,N,A,S,L,L,G,G,A,H,T,I,S,K,L,I,T,E,K,-,-,-,L,S,K,L,N,G,S,E,G,L,K,E,K,I,E,D,A,K,K,C,S,D,D,F,T,K,K,L,Q,S,S,H,A,V,L,G,V,A,G,G,A,T,T,D,E,E,A,K,K,A,I,L,R,T,N,S,V,-,K,D,K,G,A,E,E,L,G,K,L,F,E,S,V,E,S,L,S,K,A,A,K,D,K,L,N,N,S,V,K,E,L,T,S,P,V,V,A,E,T,-,-,-,-
K_NY_AY275214,-,-,-,-,-,-,-,-,-,-,-,-,-,-,-,-,-,-,C,N,N,S,G,K,D,G,N,T,S,A,N,S,A,D,E,S,V,K,G,P,N,L,T,E,I,S,K,K,I,T,E,S,N,A,V,V,L,A,V,K,E,I,E,T,L,L,A,S,I,D,E,L,A,T,K,A,I,G,K,K,I,Q,Q,N,G,G,L,A,V,E,A,G,H,N,G,T,L,L,A,G,A,Y,T,I,S,K,L,I,T,Q,K,-,-,-,L,D,G,L,K,N,S,E,K,L,K,E,K,I,E,N,A,K,K,C,S,E,D,F,T,K,K,L,E,G,E,H,A,Q,L,G,I,E,N,-,-,V,T,D,E,N,A,K,K,A,I,L,I,T,D,A,A,-,K,D,K,G,A,A,E,L,E,K,L,F,K,A,V,E,N,L,A,K,A,A,K,E,M,L,A,N,S,V,K,E,L,T,S,P,I,V,A,E,S,-,-,-,-
C3_MN_EF592543,-,-,-,-,-,-,-,-,-,-,-,-,-,-,-,-,-,-,-,-,-,-,-,-,-,-,-,-,-,-,N,S,A,D,E,S,V,K,G,P,N,L,A,E,I,S,K,K,I,T,E,S,N,A,V,V,L,A,V,K,E,V,E,T,L,I,S,S,I,D,E,I,A,A,K,A,I,G,K,K,I,K,N,D,G,S,L,D,N,D,A,N,H,N,G,S,L,L,A,G,A,Y,A,I,S,T,L,I,T,Q,K,-,-,-,L,G,G,L,K,N,S,E,E,L,K,E,K,I,E,E,A,K,K,C,N,K,A,F,T,E,K,L,K,S,S,H,A,E,L,G,K,Q,D,-,-,A,Q,D,D,D,A,K,K,A,I,L,R,T,H,N,T,-,K,D,K,G,A,E,E,L,D,K,L,F,K,A,V,E,N,L,S,K,A,A,K,E,M,L,S,N,S,V,K,E,L,T,S,P,V,V,A,E,T,-,-,-,-
E3_WI_EF592545,-,-,-,-,-,-,-,-,-,-,-,-,-,-,-,-,-,-,-,-,-,-,-,-,-,-,-,-,-,-,N,S,A,D,E,S,V,K,G,P,N,L,T,E,I,S,K,K,I,T,D,S,N,A,V,V,L,A,V,K,E,I,E,T,L,L,S,S,I,D,E,L,A,T,K,A,I,G,K,K,I,Q,Q,N,S,G,L,G,V,E,A,N,R,N,E,S,L,L,A,G,A,C,V,I,S,T,L,I,T,E,K,-,-,-,L,S,K,L,S,G,S,E,G,L,K,E,K,I,E,A,A,K,N,C,S,E,Q,F,T,K,K,L,K,D,S,H,G,E,L,G,V,Q,N,-,-,V,T,D,D,N,A,K,K,A,I,L,K,T,N,N,D,-,K,T,K,G,A,D,E,L,E,K,L,F,K,A,V,E,V,L,S,K,A,A,K,E,M,L,T,N,A,V,K,E,L,T,S,P,V,V,A,E,T,-,-,-,-
G_RI_AY275223,-,-,-,-,-,-,-,-,-,-,-,-,-,-,-,-,-,-,C,N,N,S,G,K,D,G,N,A,S,T,N,S,A,D,E,S,V,K,G,P,N,L,A,E,I,S,K,K,I,T,E,S,N,A,V,V,L,A,V,K,E,V,A,A,L,L,S,S,I,D,E,L,-,A,K,A,I,G,K,K,I,E,Q,N,-,G,L,G,A,D,A,N,H,N,T,S,L,L,A,G,A,H,E,I,S,T,L,I,K,Q,K,-,-,-,L,D,G,L,K,N,-,E,G,L,N,K,E,I,E,A,A,K,K,C,S,A,A,F,T,K,K,L,A,D,S,N,A,D,L,G,V,A,A,G,N,A,T,D,D,N,A,K,R,A,I,L,K,T,H,G,H,-,E,D,K,G,G,K,E,L,K,E,L,S,E,A,V,K,S,L,L,K,A,A,Q,A,A,L,A,N,S,V,Q,E,L,T,S,P,V,V,A,E,T,-,-,-,-
L_MN_EU375832,-,-,-,-,-,-,-,-,-,-,-,-,-,-,-,-,-,-,-,-,-,-,-,-,-,-,-,-,-,-,-,S,A,D,E,S,V,K,G,P,N,L,V,E,I,S,K,K,I,T,D,S,N,A,V,V,I,A,V,K,E,V,E,T,L,L,V,S,I,D,E,L,-,A,K,A,I,G,K,K,I,E,A,G,G,T,L,G,S,D,G,A,H,N,G,S,L,L,A,G,A,Y,K,I,A,T,E,I,T,A,N,-,-,-,L,S,K,L,K,A,S,E,D,L,K,E,K,I,T,K,A,K,E,C,S,E,K,F,T,D,K,L,K,S,E,N,V,A,L,G,K,Q,D,-,-,A,S,D,D,D,A,K,K,A,I,L,K,T,H,N,D,-,I,T,K,G,A,K,E,L,K,E,L,S,E,S,V,E,T,L,L,K,A,A,K,E,M,L,A,N,-,-,-,-,-,-,-,-,-,-,-,-,-,-,-,-,-
A3_IL_EF592541,-,-,-,-,-,-,-,-,-,-,-,-,-,-,-,-,-,-,-,-,-,-,-,-,-,-,-,-,-,-,N,S,A,D,E,S,V,K,G,P,N,L,T,E,I,S,K,K,I,T,E,S,N,A,V,V,L,A,V,K,E,V,E,T,L,L,A,S,I,D,E,L,-,A,K,A,I,G,Q,K,I,G,A,N,-,G,L,T,A,Q,A,A,Q,N,G,S,L,L,A,G,A,Y,A,I,S,S,L,I,T,E,K,-,-,-,L,N,K,F,K,D,L,E,G,L,K,E,K,I,N,D,A,K,K,C,S,E,A,F,T,N,K,L,K,G,E,Q,A,T,L,G,Q,Q,N,-,-,A,S,D,D,D,A,K,K,A,I,L,K,T,H,G,T,-,P,D,K,G,A,K,E,L,K,D,L,S,E,S,V,A,G,L,L,K,V,A,K,E,M,L,A,N,S,V,K,E,L,T,S,P,V,V,A,E,T,-,-,-,-
A_NY_X69596,M,K,K,N,T,L,S,A,I,L,M,T,L,F,L,F,I,S,C,N,N,S,G,K,D,G,N,T,S,A,N,S,A,D,E,S,V,K,G,P,N,L,T,E,I,S,K,K,I,T,D,S,N,A,V,L,L,A,V,K,E,V,E,A,L,L,S,S,I,D,E,I,A,A,K,A,I,G,K,K,I,H,Q,N,N,G,L,D,T,E,N,N,H,N,G,S,L,L,A,G,A,Y,A,I,S,T,L,I,K,Q,K,-,-,-,L,D,G,L,K,N,-,E,G,L,K,E,K,I,D,A,A,K,K,C,S,E,T,F,T,N,K,L,K,E,K,H,T,D,L,G,K,E,G,-,-,V,T,D,A,D,A,K,E,A,I,L,K,T,N,G,T,-,K,T,K,G,A,E,E,L,G,K,L,F,E,S,V,E,V,L,S,K,A,A,K,E,M,L,A,N,S,V,K,E,L,T,S,P,V,V,A,E,S,P,K,K,P
H3_CA_FJ932733,-,-,-,-,-,-,-,-,-,-,-,-,-,-,-,-,-,-,-,-,-,-,-,-,-,-,-,-,-,-,N,S,A,D,E,S,V,K,G,P,N,L,T,E,I,S,K,K,I,T,N,S,N,A,V,V,L,A,V,K,E,V,E,T,L,L,A,S,I,D,E,L,A,N,K,A,I,G,K,Q,I,T,A,N,-,G,L,N,A,Q,A,G,Q,N,G,T,L,L,A,G,A,Y,A,I,S,V,L,I,A,E,K,-,-,-,L,N,I,L,K,N,-,D,E,L,K,E,K,I,E,D,A,K,K,C,T,K,A,F,T,D,K,L,K,S,S,H,G,N,L,G,Q,A,-,-,-,A,D,D,D,N,A,K,K,A,I,L,K,T,N,Q,A,G,K,D,K,G,A,E,E,L,E,K,L,F,E,S,V,R,A,L,S,K,A,A,Q,D,A,L,T,N,A,V,K,E,L,T,S,P,V,V,A,E,S,-,-,-,-
E_RI_AY275221,-,-,-,-,-,-,-,-,-,-,-,-,-,-,-,-,-,-,C,N,N,S,G,K,D,G,N,A,S,A,N,S,A,D,E,S,V,K,G,P,N,L,T,E,I,S,K,K,I,T,E,S,N,A,V,V,L,A,V,K,E,V,E,T,L,L,A,S,I,D,E,L,A,T,K,A,I,G,K,K,I,G,N,N,-,G,L,E,A,N,Q,S,K,N,T,S,L,L,S,G,A,Y,A,I,S,D,L,I,A,E,K,-,-,-,L,N,V,L,K,N,-,E,E,L,K,E,K,I,D,T,A,K,Q,C,S,T,E,F,T,N,K,L,K,S,E,H,A,V,L,G,L,D,N,-,-,L,T,D,D,N,A,Q,R,A,I,L,K,K,H,A,N,-,K,D,K,G,A,A,E,L,E,K,L,F,K,A,V,E,N,L,S,K,A,A,Q,D,T,L,K,N,A,V,K,E,L,T,S,P,I,V,A,E,S,-,-,-,-
B_NY_CP001422,M,K,K,N,T,L,S,A,I,L,M,T,L,F,L,F,I,S,C,N,N,S,G,K,D,G,N,T,S,A,N,S,A,D,E,S,V,K,G,P,N,L,T,E,I,S,K,K,I,T,D,S,N,A,V,L,L,A,V,K,E,V,E,A,L,L,S,S,I,D,E,L,-,A,K,A,I,G,K,K,I,K,N,D,G,S,L,D,N,E,A,N,R,N,E,S,L,L,A,G,A,Y,T,I,S,T,L,I,T,Q,K,-,-,-,L,S,K,L,N,G,S,E,G,L,K,E,K,I,A,A,A,K,K,C,S,E,E,F,S,T,K,L,K,D,N,H,A,Q,L,G,I,Q,G,-,-,V,T,D,E,N,A,K,K,A,I,L,K,A,N,A,A,G,K,D,K,G,V,E,E,L,E,K,L,S,G,S,L,E,S,L,S,K,A,A,K,E,M,L,A,N,S,V,K,E,L,T,S,P,V,V,V,E,S,P,K,K,P
N_NY_EU377775,-,-,-,-,-,-,-,-,-,-,-,-,-,-,-,-,-,-,-,-,-,-,-,-,-,-,-,-,-,-,-,S,A,D,E,S,V,K,G,P,N,L,T,E,I,S,K,K,I,T,E,S,N,A,V,V,L,A,V,K,E,V,A,A,L,L,S,S,I,D,E,L,-,A,K,A,I,G,K,K,I,N,N,N,-,G,L,D,D,V,Q,N,F,N,A,S,L,L,A,G,A,H,T,I,S,K,L,V,T,E,K,-,-,-,L,S,K,L,K,N,S,E,G,L,K,E,K,I,E,D,A,K,K,C,S,D,D,F,T,K,K,L,Q,S,S,H,A,Q,L,G,V,A,G,G,A,T,T,D,E,E,A,K,K,A,I,L,R,T,N,A,I,-,K,D,K,G,A,D,E,L,E,K,L,F,K,S,V,E,S,L,A,K,A,A,Q,D,A,L,A,-,-,-,-,-,-,-,-,-,-,-,-,-,-,-,-,-,-
J_WI_CP001535,M,K,K,N,T,L,S,A,I,L,M,T,L,F,L,F,I,S,C,N,N,S,G,K,D,G,N,T,S,A,N,S,A,D,E,S,V,K,G,P,N,L,T,E,I,S,K,K,I,T,E,S,N,A,V,V,L,A,V,K,E,I,E,T,L,L,A,S,I,D,E,L,A,T,K,A,I,G,K,K,I,D,N,N,A,G,L,G,A,E,V,G,Q,N,G,S,L,L,A,G,A,Y,A,I,S,T,V,I,I,E,K,-,-,-,L,S,T,L,K,N,V,E,E,L,K,E,K,I,T,K,A,K,D,C,S,E,K,F,T,K,K,L,K,D,S,H,A,E,L,G,K,K,D,-,-,A,S,D,D,D,A,K,K,A,I,L,K,T,N,Q,A,-,N,D,K,G,A,K,E,L,K,E,L,F,E,A,V,E,S,L,S,K,A,A,K,E,M,L,N,K,S,V,K,E,L,T,S,P,I,V,A,E,S,P,K,N,P
F_RI_L42896,-,-,-,-,-,-,-,-,-,-,-,-,-,-,-,-,-,-,C,N,N,S,G,K,D,G,N,T,S,A,N,S,A,D,E,S,V,K,G,P,N,L,T,E,I,S,K,K,I,T,E,S,N,A,V,V,L,A,V,K,E,I,E,T,L,L,S,S,I,D,E,L,A,T,K,A,I,G,Q,K,I,D,A,N,-,G,L,G,V,Q,A,N,Q,N,G,S,L,L,A,G,A,Y,A,I,S,T,L,I,T,Q,K,-,-,-,L,S,A,L,-,N,S,E,D,L,K,E,K,V,A,K,V,K,K,C,S,E,D,F,T,N,K,L,K,N,G,N,A,Q,L,G,L,A,A,-,-,A,T,D,D,N,A,K,A,A,I,L,K,T,N,G,T,-,N,D,K,G,A,K,E,L,K,D,L,S,D,S,V,E,S,L,V,K,A,A,Q,V,M,L,T,N,S,V,K,E,L,T,S,P,V,V,A,E,S,P,K,K,P
